{
  "size": {
    "width": 595.9199829101562,
    "height": 842.8800048828125
  },
  "image": null,
  "page_no": 80
}